Car Number,Saved at
,
,
٢٥٩٦٣,24-05-23 11:44
,
سجط٥٩٤,24-05-23 11:44
,
٣٩٥نطب,26-05-23 19:45
,
عىط٢١٧,26-05-23 19:56
,
٦٩٢١عف,26-05-23 19:56
,
,
مق٣٦٤٧,26-05-23 19:59
,
عىط٣١٧,27-05-23 15:21
,
أبس٤٨١,28-05-23 12:38
,
أعف٩٦٥٣,28-05-23 12:38
,
أقس٢٥٤٨,28-05-23 12:39
,
أى٥٢٦٣٤,28-05-23 12:39
,
نيه٤٥٢,28-05-23 12:40
,
دبع ١٨٣٢,28-05-23 12:41
,
أسف٢٥٦١,28-05-23 12:42
,
ن١٢٨,28-05-23 12:42
,
دصن٦٨٤,28-05-23 12:42
,
رفق٥٨٢,28-05-23 12:43
,
٣٧١ررط,29-05-23 9:59
,
,
,
,
قوى١٢٧,29-05-23 10:19
قوى٢٧١٩,29-05-23 10:22
,
جهو٩٨٧٥,29-05-23 12:06
,
,
طهدو٥٣٤١,29-05-23 12:07
,
٣٦٧٦٢,29-05-23 12:08
,
أعب٣٤٦٢,29-05-23 12:08
,
آن٦٣٧٨,29-05-23 12:09
,
قعف٤٩٥٧,29-05-23 12:11
,
٦٥٢٢وس,29-05-23 12:15
,
٤ئ٨٩٩٧,29-05-23 12:17
,
عى٨٩٩٧,29-05-23 12:17
,
نأق٩٨٣٧,29-05-23 12:20
,
٤٧٨٢,29-05-23 12:21
,
,
ق/٥٢١٨١,29-05-23 12:22
,
,
أط١٣٨٤,29-05-23 12:28
,
عو١٧٣٤,29-05-23 13:01
,
منل٩٦٥٨,29-05-23 13:02
,
,
أبل٤٣٢١,29-05-23 13:05
,
,
أرط٥٦٤٣,29-05-23 13:09
,
رف٧٤٧١,29-05-23 13:11
,
هل٨١٦١,29-05-23 13:14
عف١٨٦١,29-05-23 13:17
,
أرهد٣٩٣١,29-05-23 13:20
,
قفى٨٢٤٩,29-05-23 13:20
,
أى٢٣٧٧,29-05-23 13:21
,
دج٧٢٦٩,29-05-23 13:22
,
دج٦٩٧٢,29-05-23 13:23
,
أنه٦٩٢٤,29-05-23 13:23
,
أرف٢٩٨٥,29-05-23 13:24
,
,
٤,29-05-23 13:26
,
د٦٨١,29-05-23 13:27
,
د٦٨١,29-05-23 13:27
,
,
عن٨٧٩٦,29-05-23 13:30
,
قبق٧٣٦١,29-05-23 13:37
,
,
,
٣٧١ررط,05-06-23 9:46
هلس٨١٦,2023-06-06 12:18:48
وأط٤١٥,2023-06-06 12:28:17
